{
	"strings": {
		"ERR_NULL": "",
		"ERR_A_OK": "OK",
		"ERR_A_YES": "Yes",
		"ERR_B_NO": "No",
		"ERR_READY_GAME": "Preparing to start the game.\nPlease do not turn off the power.",
		"ERR_LOAD_POINT": "Suspend point loaded.\nReturning to the game.",
		"ERR_PLAY_WII_REMOCON": "Do you want to play this game \nwith the Wii Remote? \nAs there are not enough\nbuttons, you may need to\nadjust button settings in \nSettings→Controller Settings.",
		"ERR_DONOT_PLAY_WII_REMOCON_1": "For this game, control with\nthe Wii Remote may be limited.\nFor details, please read the\nelectronic manual.\n\nDisconnecting Wii Remote\nand starting game.",
		"ERR_DONOT_PLAY_WII_REMOCON_2": "For this game, control with\nthe Wii Remote may be limited.\nFor details, please read the\nelectronic manual.\n\nPlease connect a Wii U GamePad,\na Wii U Pro Controller, or a\nClassic Controller to continue.",
		"ERR_CONTROLLER_DEFAULT_1": "Sample:Vessel Error",
		"ERR_CONTROLLER_DEFAULT_2": "Sample:Vessel Error",
		"ERR_VCMBUTTON_NOASSIGN_1": "",
		"ERR_VCMBUTTON_NOASSIGN_2": "Sample:Vessel Error",
		"ERR_VCMBUTTON_NOASSIGN_3": "",
		"ERR_MANUAL_VIEWER_GAME_PAUSING": "The game is paused.\n\nPlease look at the Wii U GamePad screen.",
		"ERR_MANUAL_VIEWER_GAME_RESUME": "The game will resume with the retro manual open.\n\nPlease verify that your television is turned on.\n\nWould you like to proceed?",
		"ERR_MANUAL_VIEWER_NAVIGATE_TOUCH_1": "The game has resumed on the\ntelevision screen.\nPlease control the game with the\nbuttons, and navigate the retro\nmanual by using the touch screen.",
		"ERR_MANUAL_VIEWER_NAVIGATE_TOUCH_2": "By tapping \\[ICON\\], you can\nresume the game while the\nretro manual is still displayed.",
		"ERR_MANUAL_VIEWER_NAVIGATE_TOUCH_1_SUB": "Please navigate the manual\nusing the touch screen.",
		"ERR_1ST_BOOT_MANUAL_VIEWER_NAVIGATE": "Tap \\[ICON\\] at the bottom left\nof the Wii U GamePad screen\nto display the retro manual.",
		"ERR_1ST_BOOT_WELCOME_BOARD_01": "Welcome",
		"ERR_1ST_BOOT_WELCOME_BOARD_02": "This software represents game content, characters, sounds, etc., of the original games. The porting of games from original systems may result in minor changes to the game display and sound. These changes do not affect gameplay. Some features included in the original game may not be available in the Wii U Virtual Console versions of the games.",
		"ERR_1ST_BOOT_WELCOME_BOARD_03": "Press  during gameplay to open the Virtual Console Menu where you can take advantage of special features.",
		"ERR_1ST_BOOT_WELCOME_BOARD_04": " Start",
		"SYS_NULL": "",
		"SYS_TOUCH_DRC_DISPLAY_ENABLE": "Tap the Wii U GamePad screen to turn it on.",
		"SYS_RESERVED_002": "",
		"SYS_RESERVED_003": "",
		"SYS_RESERVED_004": "",
		"SYS_RESERVED_005": "",
		"SYS_RESERVED_006": "",
		"SYS_RESERVED_007": "",
		"SYS_BUTTON_NONE": "None",
		"SYS_BUTTON_VCM": "Menu",
		"SYS_BUTTON_POWER": "",
		"SYS_BUTTON_HOME": "",
		"SYS_BUTTON_A": "",
		"SYS_BUTTON_B": "",
		"SYS_BUTTON_X": "",
		"SYS_BUTTON_Y": "",
		"SYS_BUTTON_L": "",
		"SYS_BUTTON_R": "",
		"SYS_BUTTON_ZL": "",
		"SYS_BUTTON_ZR": "",
		"SYS_BUTTON_PLUS": "",
		"SYS_BUTTON_MINUS": "",
		"SYS_BUTTON_START": "START",
		"SYS_BUTTON_SELECT": "SELECT",
		"SYS_BUTTON_REMOCON_1": "",
		"SYS_BUTTON_REMOCON_2": "",
		"SYS_BUTTON_REMOCON_A": "",
		"SYS_BUTTON_REMOCON_B": "",
		"SYS_BUTTON_FREESTYLE_C": "",
		"SYS_BUTTON_FREESTYLE_Z": "",
		"SYS_BUTTON_CLASSIC_A": "",
		"SYS_BUTTON_CLASSIC_B": "",
		"SYS_BUTTON_CLASSIC_X": "",
		"SYS_BUTTON_CLASSIC_Y": "",
		"SYS_BUTTON_CLASSIC_L": "",
		"SYS_BUTTON_CLASSIC_R": "",
		"SYS_BUTTON_CLASSIC_ZL": "",
		"SYS_BUTTON_CLASSIC_ZR": "",
		"SYS_BUTTON_SHVC_A": "A",
		"SYS_BUTTON_SHVC_B": "B",
		"SYS_BUTTON_SHVC_X": "X",
		"SYS_BUTTON_SHVC_Y": "Y",
		"SYS_BUTTON_SHVC_L": "L",
		"SYS_BUTTON_SHVC_R": "R",
		"SYS_BUTTON_SHVC_START": "START",
		"SYS_BUTTON_SHVC_SELECT": "SELECT",
		"SYS_BUTTON_HVC_A": "A",
		"SYS_BUTTON_HVC_B": "B",
		"SYS_BUTTON_HVC_START": "START",
		"SYS_BUTTON_HVC_SELECT": "SELECT",
		"SYS_RESERVED_050": "",
		"SYS_RESERVED_051": "",
		"SYS_RESERVED_052": "",
		"SYS_RESERVED_053": "",
		"SYS_RESERVED_054": "",
		"SYS_RESERVED_055": "",
		"SYS_DRCPLAYER_SMALL_1P": "P1",
		"SYS_DRCPLAYER_SMALL_2P": "P2",
		"SYS_DRCPLAYER_SMALL_3P": "P3",
		"SYS_DRCPLAYER_SMALL_4P": "P4",
		"SYS_DRCPLAYER_SMALL_5P": "P5",
		"SYS_DRCPLAYER_LARGE_1P": "P1",
		"SYS_DRCPLAYER_LARGE_2P": "P2",
		"SYS_DRCPLAYER_LARGE_3P": "P3",
		"SYS_DRCPLAYER_LARGE_4P": "P4",
		"SYS_DRCPLAYER_LARGE_5P": "P5",
		"SYS_PLAYER_GUIDE_1P": "P1",
		"SYS_PLAYER_GUIDE_2P": "P2",
		"SYS_PLAYER_GUIDE_3P": "P3",
		"SYS_PLAYER_GUIDE_4P": "P4",
		"SYS_PLAYER_GUIDE_5P": "P5",
		"SYS_PLAYER_SELECT_1P": "P1",
		"SYS_PLAYER_SELECT_2P": "P2",
		"SYS_PLAYER_SELECT_3P": "P3",
		"SYS_PLAYER_SELECT_4P": "P4",
		"SYS_PLAYER_SELECT_5P": "P5",
		"SYS_PLAYER_TARGET_1P": "P1",
		"SYS_PLAYER_TARGET_2P": "P2",
		"SYS_PLAYER_TARGET_3P": "P3",
		"SYS_PLAYER_TARGET_4P": "P4",
		"SYS_PLAYER_TARGET_5P": "P5",
		"SYS_RESERVED_056": "",
		"SYS_RESERVED_057": "",
		"SYS_RESERVED_058": "",
		"SYS_RESERVED_059": "",
		"SYS_RESERVED_060": "",
		"SYS_BUTTON_NUS_A": "A",
		"SYS_BUTTON_NUS_B": "B",
		"SYS_BUTTON_NUS_C_UP": "C",
		"SYS_BUTTON_NUS_C_DOWN": "C",
		"SYS_BUTTON_NUS_C_RIGHT": "C",
		"SYS_BUTTON_NUS_C_LEFT": "C",
		"SYS_BUTTON_NUS_C_UNIT": "C Buttons",
		"SYS_BUTTON_NUS_L": "L",
		"SYS_BUTTON_NUS_R": "R",
		"SYS_BUTTON_NUS_Z": "Z",
		"SYS_BUTTON_NUS_3DSTICK": "",
		"SYS_BUTTON_RSTICK": "",
		"SYS_BUTTON_LSTICK": "",
		"SYS_RESERVED_061": "",
		"SYS_RESERVED_062": "",
		"SYS_RESERVED_063": "",
		"SYS_RESERVED_064": "",
		"SYS_RESERVED_065": "",
		"VCM_NULL": "",
		"VCM_VCM": "Virtual Console Menu",
		"VCM_A_OK": " OK",
		"VCM_A_YES": " Yes",
		"VCM_B_NO": " No",
		"VCM_A_DECIDE": " Confirm",
		"VCM_B_CANCEL": " Cancel",
		"VCM_RESERVED_007": "",
		"VCM_ROOT_TITLE": "Virtual Console Menu",
		"VCM_ROOT_EXIT_TEXT": "Close",
		"VCM_ROOT_EXIT_MARK": "",
		"VCM_ROOT_SAVE": "Create Restore Point",
		"VCM_ROOT_LOAD": "Load Restore Point",
		"VCM_ROOT_RESET": "Reset",
		"VCM_ROOT_CONTROLLER": "Controller\nSettings",
		"VCM_ROOT_DRCPLAYER_TITLE": "Change Player Number",
		"VCM_ROOT_DRCPLAYER_GUIDE": "Touch the indicator to change the player number\nof this Wii U GamePad.",
		"VCM_ROOT_ACTIVE_CONTROLLER_GUIDE": "Please use\nthis controller.",
		"VCM_RESERVED_018": "P2",
		"VCM_RESERVED_019": "P3",
		"VCM_CONTROLLER_SELECT_TITLE": "Select Controller",
		"VCM_CONTROLLER_SELECT_GUIDE_1": "Select the controller for button setting.",
		"VCM_CONTROLLER_SELECT_GUIDE_2": "Select the controller you want to configure.",
		"VCM_CONTROLLER_CONFIRM_TITLE": "View Button Assignments",
		"VCM_CONTROLLER_CHANGE_TITLE": "Change Button Assignment",
		"VCM_CONTROLLER_B_CLOSE": " Close",
		"VCM_CONTROLLER_B_RETURN": " Back",
		"VCM_CONTROLLER_A_CHANGE": " Change",
		"VCM_CONTROLLER_MINUS_DEFAULT": " Reset to\nDefault",
		"VCM_CONTROLLER_HOLD_V": " Vertical",
		"VCM_CONTROLLER_HOLD_H": " Horizontal",
		"VCM_CONTROLLER_B_CANCEL": " Cancel",
		"VCM_CONTROLLER_A_DECIDE": " Confirm",
		"VCM_CONTROLLER_BALLOON_A_CHANGE": "\nChange",
		"VCM_CONTROLLER_BALLOON_A_DECIDE": "\nConfirm",
		"VCM_CONTROLLER_BALLOON_VCM": "Virtual Console Menu",
		"VCM_RESERVED_036": "",
		"VCM_RESERVED_037": "",
		"VCM_RESERVED_038": "",
		"VCM_DIALOG_SAVE_GUIDE_WITH_SRAM_FIRST": "Create a restore point for\nyour in-game progress and\nsave data now?",
		"VCM_DIALOG_SAVE_TITLE": "Create Restore Point",
		"VCM_DIALOG_SAVE_GUIDE": "Create a restore point for\nyour game progress now?",
		"VCM_DIALOG_SAVE_GUIDE_WITH_SRAM": "Create a restore point for\nyour game progress and\nin-game save data now?",
		"VCM_DIALOG_SAVE_NOTICE": "Data saved on //\nat : will be overwritten.",
		"VCM_DIALOG_SAVE_FINISH": "A restore point has\nbeen created.",
		"VCM_DIALOG_SAVE_B_NO": " No",
		"VCM_DIALOG_SAVE_A_YES": " Yes",
		"VCM_DIALOG_SAVE_A_OK": " OK",
		"VCM_DIALOG_LOAD_TITLE": "Load Restore Point",
		"VCM_DIALOG_LOAD_GUIDE": "Load the content saved on\n// at :?",
		"VCM_DIALOG_LOAD_NOTICE": "Current game progress\nwill be lost.",
		"VCM_DIALOG_LOAD_NOTICE_WITH_SRAM": "Current game progress and\nsave data will be lost.",
		"VCM_DIALOG_LOAD_FINISH": "Restore-point data loaded.",
		"VCM_DIALOG_LOAD_B_NO": " No",
		"VCM_DIALOG_LOAD_A_YES": " Yes",
		"VCM_DIALOG_LOAD_A_OK": " OK",
		"VCM_DIALOG_RESET_GUIDE": "Reset the game?",
		"VCM_DIALOG_RESET_NOTICE": "Unsaved data will be lost.",
		"VCM_DIALOG_RESET_B_NO": " No",
		"VCM_DIALOG_RESET_A_YES": " Yes",
		"VCM_DIALOG_KEYMAP_DEFAULT_GUIDE_1": "Restore button assignments to\nthe default settings?",
		"VCM_DIALOG_KEYMAP_DEFAULT_GUIDE_2": "Button assignments have been reset.",
		"VCM_DIALOG_KEYMAP_DEFAULT_B_NO": " No",
		"VCM_DIALOG_KEYMAP_DEFAULT_A_YES": " Yes",
		"VCM_DIALOG_KEYMAP_DEFAULT_A_OK": " OK",
		"VCM_DIALOG_KEYVCM_NOASSIGN_GUIDE": "You have not assigned a button to open\nthe Virtual Console menu.\n\nYou will not be able to open the Virtual Console\nmenu from this controller. Is this OK?",
		"VCM_DIALOG_KEYVCM_NOASSIGN_NOTICE": "To assign a button to the Virtual Console menu, reopen\nthe Virtual Console menu using the Wii U GamePad.",
		"VCM_DIALOG_KEYVCM_NOASSIGN_B_NO": " No",
		"VCM_DIALOG_KEYVCM_NOASSIGN_A_YES": " Yes",
		"VCM_DIALOG_DISCONNECT_CONFIG_CONTROLLER_GUIDE": "Connection has been lost with the controller you are currently configuring.\n\nReturning to the Controller Settings screen.",
		"VCM_DIALOG_DISCONNECT_CONFIG_CONTROLLER_A_OK": " OK",
		"VCM_DIALOG_DISCONNECT_CONTROLLER_GUIDE_1": "The connection between the Wii U console and the controller you are currently configuring has been lost.",
		"VCM_DIALOG_DISCONNECT_CONTROLLER_GUIDE_2": "Closing the Virtual Console menu",
		"VCM_DIALOG_DISCONNECT_CONTROLLER_GUIDE_3": "The connection between the Wii U console and the controller you are configuring has been lost.\nClosing the Virtual Console menu.",
		"VCM_DIALOG_DISCONNECT_CONTROLLER_GUIDE_4": "Connection has been lost with the controller\nused to open the Virtual Console menu.\nPlease reconnect the controller to resume play.",
		"VCM_RESERVED_075": "",
		"VCM_DIALOG_WIIREMOCON_CHANGE_HOLD_H_TITLE": "Horizontal Position",
		"VCM_DIALOG_WIIREMOCON_CHANGE_HOLD_H_GUIDE": "Button assignments on the\nWii Remote have been adjusted\nfor the horizontal position.",
		"VCM_DIALOG_WIIREMOCON_CHANGE_HOLD_H_NOTICE": "Hold the Wii Remote\nhorizontally, as shown.",
		"VCM_DIALOG_WIIREMOCON_CHANGE_HOLD_H_OK": " OK",
		"VCM_DIALOG_WIIREMOCON_CHANGE_HOLD_V_TITLE": "Vertical Position",
		"VCM_DIALOG_WIIREMOCON_CHANGE_HOLD_V_GUIDE": "Button assignments on the\nWii Remote have been adjusted\nfor the vertical position.",
		"VCM_DIALOG_WIIREMOCON_CHANGE_HOLD_V_NOTICE": "Hold the Wii Remote\nvertically, as shown.",
		"VCM_DIALOG_WIIREMOCON_CHANGE_HOLD_V_OK": " OK",
		"VCM_ROOT_SETTINGS": "Settings",
		"VCM_SETTINGS_MENU_TITLE": "Settings Menu",
		"VCM_SETTINGS_MENU_NERD_FILTER": "Screen Smoothing",
		"VCM_SETTINGS_MENU_NERD_FILTER_ON": "On",
		"VCM_SETTINGS_MENU_NERD_FILTER_OFF": "Off",
		"VCM_SETTINGS_MENU_TV_SCREEN_SIZE": "TV Display",
		"VCM_SETTINGS_MENU_TV_SCREEN_SIZE_FULL": "Full-Screen Mode",
		"VCM_SETTINGS_MENU_TV_SCREEN_SIZE_DBD": "Perfect-Pixel Mode",
		"VCM_SETTINGS_MENU_CONTROLLER": "Controller Settings",
		"VCM_TV_SCREEN_SIZE_MENU_TITLE": "TV Display",
		"VCM_TV_SCREEN_SIZE_MENU_FULL": "Full-Screen Mode",
		"VCM_TV_SCREEN_SIZE_MENU_DBD": "Perfect-Pixel Mode",
		"VCM_TV_SCREEN_SIZE_RESULT_FULL": "Your screen is now displaying in perfect-pixel mode.",
		"VCM_TV_SCREEN_SIZE_RESULT_FULL_00": "Your screen is now displaying in full-screen mode.",
		"VCM_NERD_FILTER_MENU_TITLE": "Screen Smoothing",
		"VCM_NERD_FILTER_MENU_ON": "On",
		"VCM_NERD_FILTER_MENU_OFF": "Off",
		"VCM_NERD_FILTER_MENU_GUIDE_2": "You can also switch this on and off in-game\nby pressing  on the GamePad.",
		"VCM_NERD_FILTER_RESULT_ON": "Screen smoothing has been turned on.",
		"VCM_NERD_FILTER_RESULT_OFF": "Screen smoothing has been turned off.",
		"VCM_SCREEN_SIZE_RESULT_FULL": "Display in perfect pixel.",
		"VCM_SCREEN_SIZE_RESULT_DBD": "Display in full screen.",
		"VCM_RESERVED_084": "",
		"VCM_RESERVED_085": "",
		"VCM_RESERVED_086": "",
		"VCM_RESERVED_087": "",
		"VCM_LAYOUT_SETTING": "Screen Settings",
		"VCM_LAYOUT_1_NAME": "Standard DS",
		"VCM_LAYOUT_1_EXPLANATION": "Both DS displays on a single screen in the original layout.",
		"VCM_LAYOUT_2_NAME": "Standard DS (No Gap)",
		"VCM_LAYOUT_2_EXPLANATION": "Both DS displays on a single screen with no gap between displays.",
		"VCM_LAYOUT_3_NAME": "Pixel Perfect Standard DS",
		"VCM_LAYOUT_3_EXPLANATION": "Pixel perfect displays (1X) on a single screen in the original layout.",
		"VCM_LAYOUT_4_NAME": "Dual Screens",
		"VCM_LAYOUT_4_EXPLANATION": "Top screen on TV, bottom screen on GamePad.",
		"VCM_LAYOUT_5_NAME": "Dual Screens Inverted",
		"VCM_LAYOUT_5_EXPLANATION": "Top screen on GamePad, bottom screen on TV.",
		"VCM_LAYOUT_6_NAME": "Dual Widescreen",
		"VCM_LAYOUT_6_EXPLANATION": "Widescreen, top DS screen on TV, bottom DS screen on GamePad.",
		"VCM_LAYOUT_7_NAME": "Dual Widescreen Inverted",
		"VCM_LAYOUT_7_EXPLANATION": "Widescreen, top DS screen on GamePad, bottom DS screen on TV.",
		"VCM_LAYOUT_8_NAME": "Touch Screen Focus (Right-Handed)",
		"VCM_LAYOUT_8_EXPLANATION": "Both screens are displayed with the focus on the Touch Screen for right-handed players.",
		"VCM_LAYOUT_9_NAME": "Touch Screen Focus (Left-Handed)",
		"VCM_LAYOUT_9_EXPLANATION": "Both screens are displayed with the focus on the Touch Screen for left-handed players.",
		"VCM_LAYOUT_10_NAME": "Upper Screen Focus (Right-Handed)",
		"VCM_LAYOUT_10_EXPLANATION": "Both screens are displayed with the focus on the Upper Screen for right-handed players.",
		"VCM_LAYOUT_11_NAME": "Upper Screen Focus (Left-Handed)",
		"VCM_LAYOUT_11_EXPLANATION": "Both screens are displayed with the focus on the Upper Screen for left-handed players.",
		"VCM_LAYOUT_12_NAME": "Dual Screen Rotated",
		"VCM_LAYOUT_12_EXPLANATION": "Both screens rotated. For games that use stylus controls only.",
		"VCM_LAYOUT_13_NAME": "Dual Widescreen Rotated",
		"VCM_LAYOUT_13_EXPLANATION": "Both screens rotated, bottom in widescreen. For games that use stylus controls only.",
		"VCM_LAYOUT_14_NAME": "Dual Screen Rotated (Alt)",
		"VCM_LAYOUT_14_EXPLANATION": "Both screens rotated. GamePad rotation switched for an alternative grip.",
		"VCM_LAYOUT_15_NAME": "Dual Widescreen Rotated (Alt)",
		"VCM_LAYOUT_15_EXPLANATION": "Both screens rotated, bottom in widescreen. GamePad rotation switched for an alternative grip.",
		"VCM_LAYOUT_16_NAME": "Vertical Screens (Right-Handed)",
		"VCM_LAYOUT_16_EXPLANATION": "Top screen on left, bottom screen on right, rotated as if you held your DS like a book.",
		"VCM_LAYOUT_17_NAME": "Vertical Screens (Left-Handed)",
		"VCM_LAYOUT_17_EXPLANATION": "Touch screen on left, top screen on right, rotated as if you held your DS like a book for lefties.",
		"VCM_LAYOUT_18_NAME": "Stretched Vertical Screens (Right-Handed)",
		"VCM_LAYOUT_18_EXPLANATION": "Top screen on left, bottom screen on right, rotated as if you held your DS like a book, stretched to fit the display.",
		"VCM_LAYOUT_19_NAME": "Stretched Vertical Screens (Left-Handed)",
		"VCM_LAYOUT_19_EXPLANATION": "Touch screen on left, top screen on right, rotated as if you held your DS like a book for lefties, stretched to fit the display.",
		"VCM_LAYOUT_20_NAME": "Side-by-Side Screens",
		"VCM_LAYOUT_20_EXPLANATION": "Top screen on left, bottom screen on right",
		"VCM_LAYOUT_21_NAME": "Side-by-Side Screens (Swapped Displays)",
		"VCM_LAYOUT_21_EXPLANATION": "Bottom screen on left, top screen on right",
		"VCM_LAYOUT_22_NAME": "Tall Side-by-Side Screens",
		"VCM_LAYOUT_22_EXPLANATION": "Top screen on left, bottom screen on right, stretched to fill the display.",
		"VCM_LAYOUT_23_NAME": "Tall Side-by-Side Screens (Swapped Displays)",
		"VCM_LAYOUT_23_EXPLANATION": "Bottom screen on left, top screen on right, stretched to fill the display.",
		"VCM_LAYOUT_24_NAME": "Standard DS Touch Focus",
		"VCM_LAYOUT_24_EXPLANATION": "Both screens stacked in the original DS layout, GamePad rotated for games that use stylus controls only.",
		"VCM_LAYOUT_25_NAME": "Standard DS Touch Focus (Alt)",
		"VCM_LAYOUT_25_EXPLANATION": "Both screens stacked in the original DS layout, GamePad rotated for games that use stylus controls only with an alternative grip.",
		"VCM_LAYOUT_26_NAME": "Stretched Standard DS Touch Focus",
		"VCM_LAYOUT_26_EXPLANATION": "Standard DS layout rotated on GamePad for games with stylus controls only.  Screens stretched to fill display.",
		"VCM_LAYOUT_27_NAME": "Stretched Standard DS Touch Focus (Alt)",
		"VCM_LAYOUT_27_EXPLANATION": "Standard DS layout rotated on GamePad for games with stylus controls only with an alternative grip.  Screens stretched to fill display.",
		"VCM_LAYOUT_28_NAME": "Pixel perfect Dual Screens",
		"VCM_LAYOUT_28_EXPLANATION": "Pixel Perfect Displays (3X on TV, 2X on GamePad). Top screen on TV, bottom screen on GamePad.",
		"VCM_LAYOUT_29_NAME": "Pixel perfect Dual Screens Inverted",
		"VCM_LAYOUT_29_EXPLANATION": "Pixel Perfect Displays (3X on TV, 2X on GamePad). Top screen on GamePad, bottom screen on TV.",
		"VCM_LAYOUT_30_NAME": "Top Screen Only (Both Displays)",
		"VCM_LAYOUT_30_EXPLANATION": "Only the top DS screen is presented on both the TV and GamePad.",
		"VCM_LAYOUT_31_NAME": "Wide Top Screen Only (Both Displays)",
		"VCM_LAYOUT_31_EXPLANATION": "Only the top DS screen is presented on both the TV and GamePad in widescreen.",
		"VCM_LAYOUT_32_NAME": "Pixel Perfect Top Screen Only (Both Displays)",
		"VCM_LAYOUT_32_EXPLANATION": "Only the top DS screen is presented in pixel perfect (3X on TV, 2X on GamePad) on both the TV and GamePad.",
		"VCM_LAYOUT_33_NAME": "Bottom Screen Only (Both Displays)",
		"VCM_LAYOUT_33_EXPLANATION": "Only the bottom DS screen is presented on both the TV and GamePad.",
		"VCM_LAYOUT_34_NAME": "Wide Bottom Screen Only (Both Displays)",
		"VCM_LAYOUT_34_EXPLANATION": "Only the bottom DS screen is presented on both the TV and GamePad in widescreen.",
		"VCM_LAYOUT_35_NAME": "Pixel Perfect Bottom Screen Only (Both Displays)",
		"VCM_LAYOUT_35_EXPLANATION": "Only the bottom DS screen is presented in pixel perfect (3X on TV, 2X on GamePad) on both the TV and GamePad.",	
		"VCM_LAYOUT_36_NAME": "Pixel Perfect Touch Screen Focus (Right-Handed)",
		"VCM_LAYOUT_36_EXPLANATION": "Both screens are displayed in pixel perfect, focused on Touch Screen for right-handed players. (2X Top 3X Bottom on TV; 1X Top 2X Bottom on GamePad)",
		"VCM_LAYOUT_37_NAME": "Pixel Perfect Touch Screen Focus (Left-Handed)",
		"VCM_LAYOUT_37_EXPLANATION": "Both screens are displayed in pixel perfect, focused on Touch Screen for left-handed players. (2X Top 3X Bottom on TV; 1X Top 2X Bottom on GamePad)",
		"VCM_LAYOUT_38_NAME": "Pixel Perfect Upper Screen Focus (Right-Handed)",
		"VCM_LAYOUT_38_EXPLANATION": "Both screens are displayed in pixel perfect, focused on the Top Screen for right-handed players. (3X Top 2X Bottom on TV; 2X Top 1X Bottom on GamePad)",
		"VCM_LAYOUT_39_NAME": "Pixel Perfect Upper Screen Focus (Left-Handed)",
		"VCM_LAYOUT_39_EXPLANATION": "Both screens are displayed in pixel perfect, focused on the Top Screen for left-handed players. (3X Top 2X Bottom on TV; 2X Top 1X Bottom on GamePad)",
		"VCM_LAYOUT_40_NAME": "Pixel Perfect Dual Screen Rotated",
		"VCM_LAYOUT_40_EXPLANATION": "Both screens rotated in pixel perfect displays (2x). For games that use stylus controls only.",
		"VCM_LAYOUT_41_NAME": "Pixel Perfect Dual Screen Rotated (Alt)",
		"VCM_LAYOUT_41_EXPLANATION": "Both screens rotated in pixel perfect displays (2x). For games that use stylus controls only. GamePad rotation switched for an alt grip.",
		"VCM_LAYOUT_42_NAME": "Pixel Perfect Vertical Screens (Right-Handed)",
		"VCM_LAYOUT_42_EXPLANATION": "Top screen on left, bottom screen on right, rotated as if you held your DS like a book. Pixel Perfect (1X on GamePad, 2X on TV).",
		"VCM_LAYOUT_43_NAME": "Pixel Perfect Vertical Screens (Left-Handed)",
		"VCM_LAYOUT_43_EXPLANATION": "Touch screen on left, top screen on right, rotated as if you held your DS like a book for lefties. Pixel Perfect (1X on GamePad, 2X on TV).",
		"VCM_LAYOUT_44_NAME": "Pixel Perfect Side-by-Side Screens",
		"VCM_LAYOUT_44_EXPLANATION": "Top screen on left, bottom screen on right. Pixel perfect displays (1X on GamePad, 2X on TV).",
		"VCM_LAYOUT_45_NAME": "Pixel Perfect Side-by-Side Screens (Swapped)",
		"VCM_LAYOUT_45_EXPLANATION": "Bottom screen on left, top screen on right. Pixel perfect displays (1X on GamePad, 2X on TV).",
		"VCM_LAYOUT_46_NAME": "Pixel Perfect Standard DS Touch Focus",
		"VCM_LAYOUT_46_EXPLANATION": "Both screens stacked in the original DS layout, GamePad rotated for games that use stylus controls only. Pixel perfect displays (1X)",
		"VCM_LAYOUT_47_NAME": "Pixel Perfect Standard DS Touch Focus (Alt)",
		"VCM_LAYOUT_47_EXPLANATION": "Both screens stacked in the original DS layout, GamePad rotated for games that use stylus controls only with an alternative grip. Pixel perfect displays (1X)",
		"VCM_MANUAL_BUTTON_LABEL": "Original Manual",
		"VCM_DIALOG_OK": "OK",
		"VCM_DIALOG_NO": "No",
		"VCM_DIALOG_YES": "Yes",
		"VCM_BILINEAR_FILTER_GUIDE_MESSAGE": "Screen Smoothing",
		"VCM_BILINEAR_FILTER_RESULT_ON": "ON",
		"VCM_BILINEAR_FILTER_RESULT_OFF": "OFF",
		"VCM_LAYOUT_A_DECIDE": " OK",
		"VCM_ROOT_LAYOUT_SETTING": "Screen Settings",
		"VCM_BILINEAR_FILTER_RESULT_BAR": "/",
		"VCM_RESERVED_094": "",
		"VCM_RESERVED_095": "",
		"VCM_RESERVED_096": "",
		"VCM_RESERVED_097": "",
		"VCM_RESERVED_098": "",
		"VCM_RESERVED_099": "",
		"VCM_KEYMAP_DEFAULT_LEFT": "Left",
		"VCM_KEYMAP_DEFAULT_CENTER": "Center",
		"VCM_KEYMAP_DEFAULT_RIGHT": "Right",
		"VCM_KEYMAP_DEFAULT_TITLE": "Select default setting."
	},
	"modifiers": {
		"VCM_ROOT_SAVE": [
			{
				"groupName": "reed",
				"name": "line_height_offset",
				"params": { "offset": "-3" }
			}
		],
		"VCM_ROOT_LOAD": [
			{
				"groupName": "reed",
				"name": "line_height_offset",
				"params": { "offset": "-3" }
			}
		],
		"VCM_DIALOG_LOAD_NOTICE_WITH_SRAM": [
			{
				"groupName": "reed",
				"name": "scale",
				"params": { "x": "0.9", "y": "0.9" }
			}
		],
		"VCM_LAYOUT_1_EXPLANATION": [
			{
				"groupName": "reed",
				"name": "scale",
				"params": { "x": "0.95", "y": "0.95" }
			}
		],
		"VCM_LAYOUT_2_EXPLANATION": [
			{
				"groupName": "reed",
				"name": "scale",
				"params": { "x": "0.95", "y": "0.95" }
			}
		],
		"VCM_LAYOUT_3_EXPLANATION": [
			{
				"groupName": "reed",
				"name": "scale",
				"params": { "x": "0.95", "y": "0.95" }
			}
		],
		"VCM_LAYOUT_4_EXPLANATION": [
			{
				"groupName": "reed",
				"name": "scale",
				"params": { "x": "0.95", "y": "0.95" }
			}
		],
		"VCM_LAYOUT_5_EXPLANATION": [
			{
				"groupName": "reed",
				"name": "scale",
				"params": { "x": "0.95", "y": "0.95" }
			}
		],
		"VCM_LAYOUT_6_EXPLANATION": [
			{
				"groupName": "reed",
				"name": "scale",
				"params": { "x": "0.95", "y": "0.95" }
			}
		],
		"VCM_LAYOUT_7_EXPLANATION": [
			{
				"groupName": "reed",
				"name": "scale",
				"params": { "x": "0.95", "y": "0.95" }
			}
		],
		"VCM_LAYOUT_8_EXPLANATION": [
			{
				"groupName": "reed",
				"name": "scale",
				"params": { "x": "0.95", "y": "0.95" }
			}
		],
		"VCM_LAYOUT_9_EXPLANATION": [
			{
				"groupName": "reed",
				"name": "scale",
				"params": { "x": "0.95", "y": "0.95" }
			}
		],
		"VCM_LAYOUT_10_EXPLANATION": [
			{
				"groupName": "reed",
				"name": "scale",
				"params": { "x": "0.95", "y": "0.95" }
			}
		],
		"VCM_BILINEAR_FILTER_GUIDE_MESSAGE": [
			{
				"groupName": "reed",
				"name": "scale",
				"params": { "x": "0.8", "y": "0.8" }
			}
		]
	},
	"exploded_strings": {
		"ERR_1ST_BOOT_WELCOME_BOARD_03": [
			{ "type": "text", "value": "Press " },
			{ "type": "variable", "name": "BUTTON_ZR", "format": "%s" },
			{ "type": "text", "value": " during gameplay to open the Virtual Console Menu where you can take advantage of special features." }
		],
		"ERR_1ST_BOOT_WELCOME_BOARD_04": [
			{ "type": "variable", "name": "BUTTON_A", "format": "%s" },
			{ "type": "text", "value": " Start" }
		],
		"VCM_A_OK": [
			{ "type": "variable", "name": "BUTTON_A", "format": "%s" },
			{ "type": "text", "value": " OK" }
		],
		"VCM_A_YES": [
			{ "type": "variable", "name": "BUTTON_A", "format": "%s" },
			{ "type": "text", "value": " Yes" }
		],
		"VCM_B_NO": [
			{ "type": "variable", "name": "BUTTON_B", "format": "%s" },
			{ "type": "text", "value": " No" }
		],
		"VCM_B_CANCEL": [
			{ "type": "variable", "name": "BUTTON_B", "format": "%s" },
			{ "type": "text", "value": " Cancel" }
		],
		"VCM_ROOT_EXIT_MARK": [
			{ "type": "variable", "name": "BUTTON_B", "format": "%s" }
		],
		"VCM_CONTROLLER_B_CLOSE": [
			{ "type": "variable", "name": "BUTTON_B", "format": "%s" },
			{ "type": "text", "value": " Close" }
		],
		"VCM_CONTROLLER_B_RETURN": [
			{ "type": "variable", "name": "BUTTON_B", "format": "%s" },
			{ "type": "text", "value": " Back" }
		],
		"VCM_CONTROLLER_A_CHANGE": [
			{ "type": "variable", "name": "BUTTON_A", "format": "%s" },
			{ "type": "text", "value": " Change" }
		],
		"VCM_CONTROLLER_B_CANCEL": [
			{ "type": "variable", "name": "BUTTON_B", "format": "%s" },
			{ "type": "text", "value": " Cancel" }
		],
		"VCM_CONTROLLER_A_DECIDE": [
			{ "type": "variable", "name": "BUTTON_A", "format": "%s" },
			{ "type": "text", "value": " Confirm" }
		],
		"VCM_CONTROLLER_BALLOON_A_CHANGE": [
			{ "type": "variable", "name": "BUTTON_A", "format": "%s" },
			{ "type": "text", "value": "\n" },
			{ "type": "text", "value": "Change" }
		],
		"VCM_CONTROLLER_BALLOON_A_DECIDE": [
			{ "type": "variable", "name": "BUTTON_A", "format": "%s" },
			{ "type": "text", "value": "\n" },
			{ "type": "text", "value": "Confirm" }
		],
		"VCM_DIALOG_SAVE_NOTICE": [
			{ "type": "text", "value": "Data saved on " },
			{ "type": "variable", "name": "FILE_MONTH", "format": "%02d" },
			{ "type": "text", "value": "/" },
			{ "type": "variable", "name": "FILE_DAY", "format": "%02d" },
			{ "type": "text", "value": "/" },
			{ "type": "variable", "name": "FILE_YEAR", "format": "%4d" },
			{ "type": "text", "value": "\n" },
			{ "type": "text", "value": "at " },
			{ "type": "variable", "name": "FILE_HOUR", "format": "%02d" },
			{ "type": "text", "value": ":" },
			{ "type": "variable", "name": "FILE_MINUTE", "format": "%02d" },
			{ "type": "text", "value": " will be overwritten." }
		],
		"VCM_DIALOG_SAVE_B_NO": [
			{ "type": "variable", "name": "BUTTON_B", "format": "%s" },
			{ "type": "text", "value": " No" }
		],
		"VCM_DIALOG_SAVE_A_YES": [
			{ "type": "variable", "name": "BUTTON_A", "format": "%s" },
			{ "type": "text", "value": " Yes" }
		],
		"VCM_DIALOG_SAVE_A_OK": [
			{ "type": "variable", "name": "BUTTON_A", "format": "%s" },
			{ "type": "text", "value": " OK" }
		],
		"VCM_DIALOG_LOAD_GUIDE": [
			{ "type": "text", "value": "Load the content saved on" },
			{ "type": "text", "value": "\n" },
			{ "type": "variable", "name": "FILE_MONTH", "format": "%02d" },
			{ "type": "text", "value": "/" },
			{ "type": "variable", "name": "FILE_DAY", "format": "%02d" },
			{ "type": "text", "value": "/" },
			{ "type": "variable", "name": "FILE_YEAR", "format": "%4d" },
			{ "type": "text", "value": " at " },
			{ "type": "variable", "name": "FILE_HOUR", "format": "%02d" },
			{ "type": "text", "value": ":" },
			{ "type": "variable", "name": "FILE_MINUTE", "format": "%02d" },
			{ "type": "text", "value": "?" }
		],
		"VCM_DIALOG_LOAD_B_NO": [
			{ "type": "variable", "name": "BUTTON_B", "format": "%s" },
			{ "type": "text", "value": " No" }
		],
		"VCM_DIALOG_LOAD_A_YES": [
			{ "type": "variable", "name": "BUTTON_A", "format": "%s" },
			{ "type": "text", "value": " Yes" }
		],
		"VCM_DIALOG_LOAD_A_OK": [
			{ "type": "variable", "name": "BUTTON_A", "format": "%s" },
			{ "type": "text", "value": " OK" }
		],
		"VCM_DIALOG_RESET_B_NO": [
			{ "type": "variable", "name": "BUTTON_B", "format": "%s" },
			{ "type": "text", "value": " No" }
		],
		"VCM_DIALOG_RESET_A_YES": [
			{ "type": "variable", "name": "BUTTON_A", "format": "%s" },
			{ "type": "text", "value": " Yes" }
		],
		"VCM_DIALOG_KEYMAP_DEFAULT_B_NO": [
			{ "type": "variable", "name": "BUTTON_B", "format": "%s" },
			{ "type": "text", "value": " No" }
		],
		"VCM_DIALOG_KEYMAP_DEFAULT_A_YES": [
			{ "type": "variable", "name": "BUTTON_A", "format": "%s" },
			{ "type": "text", "value": " Yes" }
		],
		"VCM_DIALOG_KEYMAP_DEFAULT_A_OK": [
			{ "type": "variable", "name": "BUTTON_A", "format": "%s" },
			{ "type": "text", "value": " OK" }
		],
		"VCM_DIALOG_KEYVCM_NOASSIGN_B_NO": [
			{ "type": "variable", "name": "BUTTON_B", "format": "%s" },
			{ "type": "text", "value": " No" }
		],
		"VCM_DIALOG_KEYVCM_NOASSIGN_A_YES": [
			{ "type": "variable", "name": "BUTTON_A", "format": "%s" },
			{ "type": "text", "value": " Yes" }
		],
		"VCM_DIALOG_WIIREMOCON_CHANGE_HOLD_H_OK": [
			{ "type": "variable", "name": "BUTTON_A", "format": "%s" },
			{ "type": "text", "value": " OK" }
		],
		"VCM_DIALOG_WIIREMOCON_CHANGE_HOLD_V_OK": [
			{ "type": "variable", "name": "BUTTON_A", "format": "%s" },
			{ "type": "text", "value": " OK" }
		],
		"VCM_LAYOUT_A_DECIDE": [
			{ "type": "variable", "name": "BUTTON_A", "format": "%s" },
			{ "type": "text", "value": " OK" }
		]
	}
}