{
    "configuration": {
        "layouts": {
            "layout": [
				{
                    "screen": [
                        {
                            "source": "upper",
                            "rotation": 0,
                            "size": "400 300",
                            "target": "tv",
                            "position": "440 12"
                        },
                        {
                            "source": "lower",
                            "rotation": 0,
                            "size": "400 300",
                            "target": "tv",
                            "position": "440 420"
                        },
                        {
                            "source": "upper",
                            "rotation": 0,
                            "size": "256 192",
                            "target": "drc",
                            "position": "299 16"
                        },
                        {
                            "source": "lower",
                            "rotation": 0,
                            "size": "256 192",
                            "target": "drc",
                            "position": "299 283"
                        }
                    ],
                    "desc_string_id": "VCM_LAYOUT_1_EXPLANATION",
                    "background": [
                        {
                            "position": "0 0",
                            "rotation": 0,
                            "resource": "//content_dir/assets/textures/nds1st_31p_tv.png",
                            "target": "tv",
                            "size": "1280 720"
                        },
                        {
                            "position": "0 0",
                            "rotation": 0,
                            "resource": "//content_dir/assets/textures/nds1st_31p.png",
                            "target": "drc",
                            "size": "854 480"
                        }
                    ],
                    "name_string_id": "VCM_LAYOUT_1_NAME"
                },
                {
                    "screen": [
                        {
                            "source": "upper",
                            "rotation": 0,
                            "size": "480 360",
                            "target": "tv",
                            "position": "400 0"
                        },
                        {
                            "source": "lower",
                            "rotation": 0,
                            "size": "480 360",
                            "target": "tv",
                            "position": "400 360"
                        },
                        {
                            "source": "upper",
                            "rotation": 0,
                            "size": "320 240",
                            "target": "drc",
                            "position": "267 0"
                        },
                        {
                            "source": "lower",
                            "rotation": 0,
                            "size": "320 240",
                            "target": "drc",
                            "position": "267 240"
                        }
                    ],
                    "desc_string_id": "VCM_LAYOUT_2_EXPLANATION",
                    "background": [
                        {
                            "position": "0 0",
                            "rotation": 0,
                            "resource": "//content_dir/assets/textures/tvback.png",
                            "target": "tv",
                            "size": "1280 720"
                        },
                        {
                            "position": "0 0",
                            "rotation": 0,
                            "resource": "//content_dir/assets/textures/drcback.png",
                            "target": "drc",
                            "size": "854 480"
                        }
                    ],
                    "name_string_id": "VCM_LAYOUT_2_NAME"
                },
				{
                    "screen": [
                        {
                            "source": "upper",
                            "rotation": 0,
                            "size": "256 192",
                            "target": "tv",
                            "position": "512 122"
                        },
                        {
                            "source": "lower",
                            "rotation": 0,
                            "size": "256 192",
                            "target": "tv",
                            "position": "512 414"
                        },
                        {
                            "source": "upper",
                            "rotation": 0,
                            "size": "256 192",
                            "target": "drc",
                            "position": "299 16"
                        },
                        {
                            "source": "lower",
                            "rotation": 0,
                            "size": "256 192",
                            "target": "drc",
                            "position": "299 283"
                        }
                    ],
                    "desc_string_id": "VCM_LAYOUT_3_EXPLANATION",
                    "background": [
                        {
                            "position": "0 0",
                            "rotation": 0,
                            "resource": "//content_dir/assets/textures/ndslite.png",
                            "target": "tv",
                            "size": "1280 720"
                        },
                        {
                            "position": "0 0",
                            "rotation": 0,
                            "resource": "//content_dir/assets/textures/ndslitex.png",
                            "target": "drc",
                            "size": "854 480"
                        }
                    ],
                    "name_string_id": "VCM_LAYOUT_3_NAME"
                },
                {
                    "screen": [
                        {
                            "source": "upper",
                            "rotation": 0,
                            "size": "960 720",
                            "target": "tv",
                            "position": "160 0"
                        },
                        {
                            "source": "lower",
                            "rotation": 0,
                            "size": "640 480",
                            "target": "drc",
                            "position": "107 0"
                        }
                    ],
                    "desc_string_id": "VCM_LAYOUT_4_EXPLANATION",
                    "background": [
                        {
                            "position": "0 0",
                            "rotation": 0,
                            "resource": "//content_dir/assets/textures/nds1st_31p_tv.png",
                            "target": "tv",
                            "size": "1280 720"
                        },
                        {
                            "position": "0 0",
                            "rotation": 0,
                            "resource": "//content_dir/assets/textures/nds1st_31p.png",
                            "target": "drc",
                            "size": "854 480"
                        }
                    ],
                    "name_string_id": "VCM_LAYOUT_4_NAME"
                },
                {
                    "screen": [
                        {
                            "source": "lower",
                            "rotation": 0,
                            "size": "960 720",
                            "target": "tv",
                            "position": "160 0"
                        },
                        {
                            "source": "upper",
                            "rotation": 0,
                            "size": "640 480",
                            "target": "drc",
                            "position": "106 0"
                        }
                    ],
                    "desc_string_id": "VCM_LAYOUT_5_EXPLANATION",
                    "background": [
                        {
                            "position": "0 0",
                            "rotation": 0,
                            "resource": "//content_dir/assets/textures/tvback.png",
                            "target": "tv",
                            "size": "1280 720"
                        },
                        {
                            "position": "0 0",
                            "rotation": 0,
                            "resource": "//content_dir/assets/textures/drcback.png",
                            "target": "drc",
                            "size": "854 480"
                        }
                    ],
                    "name_string_id": "VCM_LAYOUT_5_NAME"
                },
				{
                    "screen": [
                        {
                            "source": "upper",
                            "rotation": 0,
                            "size": "768 576",
                            "target": "tv",
                            "position": "256 72"
                        },
                        {
                            "source": "lower",
                            "rotation": 0,
                            "size": "512 384",
                            "target": "drc",
                            "position": "171 48"
                        }
                    ],
                    "desc_string_id": "VCM_LAYOUT_28_EXPLANATION",
                    "background": [
                        {
                            "position": "0 0",
                            "rotation": 0,
                            "resource": "//content_dir/assets/textures/tvback.png",
                            "target": "tv",
                            "size": "1280 720"
                        },
                        {
                            "position": "0 0",
                            "rotation": 0,
                            "resource": "//content_dir/assets/textures/drcback.png",
                            "target": "drc",
                            "size": "854 480"
                        }
                    ],
                    "name_string_id": "VCM_LAYOUT_28_NAME"
                },
                {
                    "screen": [
                        {
                            "source": "lower",
                            "rotation": 0,
                            "size": "768 576",
                            "target": "tv",
                            "position": "256 72"
                        },
                        {
                            "source": "upper",
                            "rotation": 0,
                            "size": "512 384",
                            "target": "drc",
                            "position": "171 48"
                        }
                    ],
                    "desc_string_id": "VCM_LAYOUT_29_EXPLANATION",
                    "background": [
                        {
                            "position": "0 0",
                            "rotation": 0,
                            "resource": "//content_dir/assets/textures/tvback.png",
                            "target": "tv",
                            "size": "1280 720"
                        },
                        {
                            "position": "0 0",
                            "rotation": 0,
                            "resource": "//content_dir/assets/textures/drcback.png",
                            "target": "drc",
                            "size": "854 480"
                        }
                    ],
                    "name_string_id": "VCM_LAYOUT_29_NAME"
                },
                {
                    "screen": [
                        {
                            "source": "upper",
                            "rotation": 0,
                            "size": "1280 720",
                            "target": "tv",
                            "position": "0 0"
                        },
                        {
                            "source": "lower",
                            "rotation": 0,
                            "size": "854 480",
                            "target": "drc",
                            "position": "0 0"
                        }
                    ],
                    "desc_string_id": "VCM_LAYOUT_6_EXPLANATION",
                    "background": [
                        {
                            "position": "0 0",
                            "rotation": 0,
                            "resource": "//content_dir/assets/textures/tvback.png",
                            "target": "tv",
                            "size": "1280 720"
                        },
                        {
                            "position": "0 0",
                            "rotation": 0,
                            "resource": "//content_dir/assets/textures/drcback.png",
                            "target": "drc",
                            "size": "854 480"
                        }
                    ],
                    "name_string_id": "VCM_LAYOUT_6_NAME"
                },
                {
                    "screen": [
                        {
                            "source": "lower",
                            "rotation": 0,
                            "size": "1280 720",
                            "target": "tv",
                            "position": "0 0"
                        },
                        {
                            "source": "upper",
                            "rotation": 0,
                            "size": "854 480",
                            "target": "drc",
                            "position": "0 0"
                        }
                    ],
                    "name_string_id": "VCM_LAYOUT_7_NAME",
                    "background": [
                        {
                            "position": "0 0",
                            "rotation": 0,
                            "resource": "//content_dir/assets/textures/tvback.png",
                            "target": "tv",
                            "size": "1280 720"
                        },
                        {
                            "position": "0 0",
                            "rotation": 0,
                            "resource": "//content_dir/assets/textures/drcback.png",
                            "target": "drc",
                            "size": "854 480"
                        }
                    ],
                    "buttons_rotation": 0,
                    "desc_string_id": "VCM_LAYOUT_7_EXPLANATION"
                },
				{
                    "screen": [
                        {
                            "source": "upper",
                            "rotation": 0,
                            "size": "960 720",
                            "target": "tv",
                            "position": "160 0"
                        },
                        {
                            "source": "upper",
                            "rotation": 0,
                            "size": "640 480",
                            "target": "drc",
                            "position": "107 0"
                        }
                    ],
                    "desc_string_id": "VCM_LAYOUT_30_EXPLANATION",
                    "background": [
                        {
                            "position": "0 0",
                            "rotation": 0,
                            "resource": "//content_dir/assets/textures/tvback.png",
                            "target": "tv",
                            "size": "1280 720"
                        },
                        {
                            "position": "0 0",
                            "rotation": 0,
                            "resource": "//content_dir/assets/textures/drcback.png",
                            "target": "drc",
                            "size": "854 480"
                        }
                    ],
                    "name_string_id": "VCM_LAYOUT_30_NAME"
                },
				{
                    "screen": [
                        {
                            "source": "upper",
                            "rotation": 0,
                            "size": "1280 720",
                            "target": "tv",
                            "position": "00 0"
                        },
                        {
                            "source": "upper",
                            "rotation": 0,
                            "size": "854 480",
                            "target": "drc",
                            "position": "0 0"
                        }
                    ],
                    "desc_string_id": "VCM_LAYOUT_31_EXPLANATION",
                    "background": [
                        {
                            "position": "0 0",
                            "rotation": 0,
                            "resource": "//content_dir/assets/textures/tvback.png",
                            "target": "tv",
                            "size": "1280 720"
                        },
                        {
                            "position": "0 0",
                            "rotation": 0,
                            "resource": "//content_dir/assets/textures/drcback.png",
                            "target": "drc",
                            "size": "854 480"
                        }
                    ],
                    "name_string_id": "VCM_LAYOUT_31_NAME"
                },
				{
                    "screen": [
                        {
                            "source": "upper",
                            "rotation": 0,
                            "size": "768 576",
                            "target": "tv",
                            "position": "256 72"
                        },
                        {
                            "source": "upper",
                            "rotation": 0,
                            "size": "512 384",
                            "target": "drc",
                            "position": "171 48"
                        }
                    ],
                    "desc_string_id": "VCM_LAYOUT_32_EXPLANATION",
                    "background": [
                        {
                            "position": "0 0",
                            "rotation": 0,
                            "resource": "//content_dir/assets/textures/tvback.png",
                            "target": "tv",
                            "size": "1280 720"
                        },
                        {
                            "position": "0 0",
                            "rotation": 0,
                            "resource": "//content_dir/assets/textures/drcback.png",
                            "target": "drc",
                            "size": "854 480"
                        }
                    ],
                    "name_string_id": "VCM_LAYOUT_32_NAME"
                },
				{
                    "screen": [
                        {
                            "source": "lower",
                            "rotation": 0,
                            "size": "960 720",
                            "target": "tv",
                            "position": "160 0"
                        },
                        {
                            "source": "lower",
                            "rotation": 0,
                            "size": "640 480",
                            "target": "drc",
                            "position": "107 0"
                        }
                    ],
                    "desc_string_id": "VCM_LAYOUT_33_EXPLANATION",
                    "background": [
                        {
                            "position": "0 0",
                            "rotation": 0,
                            "resource": "//content_dir/assets/textures/tvback.png",
                            "target": "tv",
                            "size": "1280 720"
                        },
                        {
                            "position": "0 0",
                            "rotation": 0,
                            "resource": "//content_dir/assets/textures/drcback.png",
                            "target": "drc",
                            "size": "854 480"
                        }
                    ],
                    "name_string_id": "VCM_LAYOUT_33_NAME"
                },
				{
                    "screen": [
                        {
                            "source": "lower",
                            "rotation": 0,
                            "size": "1280 720",
                            "target": "tv",
                            "position": "00 0"
                        },
                        {
                            "source": "lower",
                            "rotation": 0,
                            "size": "854 480",
                            "target": "drc",
                            "position": "0 0"
                        }
                    ],
                    "desc_string_id": "VCM_LAYOUT_34_EXPLANATION",
                    "background": [
                        {
                            "position": "0 0",
                            "rotation": 0,
                            "resource": "//content_dir/assets/textures/tvback.png",
                            "target": "tv",
                            "size": "1280 720"
                        },
                        {
                            "position": "0 0",
                            "rotation": 0,
                            "resource": "//content_dir/assets/textures/drcback.png",
                            "target": "drc",
                            "size": "854 480"
                        }
                    ],
                    "name_string_id": "VCM_LAYOUT_34_NAME"
                },
				{
                    "screen": [
                        {
                            "source": "lower",
                            "rotation": 0,
                            "size": "768 576",
                            "target": "tv",
                            "position": "256 72"
                        },
                        {
                            "source": "lower",
                            "rotation": 0,
                            "size": "512 384",
                            "target": "drc",
                            "position": "171 48"
                        }
                    ],
                    "desc_string_id": "VCM_LAYOUT_35_EXPLANATION",
                    "background": [
                        {
                            "position": "0 0",
                            "rotation": 0,
                            "resource": "//content_dir/assets/textures/tvback.png",
                            "target": "tv",
                            "size": "1280 720"
                        },
                        {
                            "position": "0 0",
                            "rotation": 0,
                            "resource": "//content_dir/assets/textures/drcback.png",
                            "target": "drc",
                            "size": "854 480"
                        }
                    ],
                    "name_string_id": "VCM_LAYOUT_35_NAME"
                },
                {
                    "screen": [
                        {
                            "source": "upper",
                            "rotation": 0,
                            "size": "384 288",
                            "target": "tv",
                            "position": "0 24"
                        },
                        {
                            "source": "lower",
                            "rotation": 0,
                            "size": "896 672",
                            "target": "tv",
                            "position": "384 24"
                        },
                        {
                            "source": "upper",
                            "rotation": 0,
                            "size": "300 225",
                            "target": "drc",
                            "position": "0 33"
                        },
                        {
                            "source": "lower",
                            "rotation": 0,
                            "size": "552 414",
                            "target": "drc",
                            "position": "302 33"
                        }
                    ],
                    "desc_string_id": "VCM_LAYOUT_8_EXPLANATION",
                    "background": [
                        {
                            "position": "0 0",
                            "rotation": 0,
                            "resource": "//content_dir/assets/textures/tvback.png",
                            "target": "tv",
                            "size": "1280 720"
                        },
                        {
                            "position": "0 0",
                            "rotation": 0,
                            "resource": "//content_dir/assets/textures/drcback.png",
                            "target": "drc",
                            "size": "854 480"
                        }
                    ],
                    "name_string_id": "VCM_LAYOUT_8_NAME"
                },
				{
                    "screen": [
                        {
                            "source": "upper",
                            "rotation": 0,
                            "size": "384 288",
                            "target": "tv",
                            "position": "896 24"
                        },
                        {
                            "source": "lower",
                            "rotation": 0,
                            "size": "896 672",
                            "target": "tv",
                            "position": "0 24"
                        },
                        {
                            "source": "upper",
                            "rotation": 0,
                            "size": "300 225",
                            "target": "drc",
                            "position": "552 33"
                        },
                        {
                            "source": "lower",
                            "rotation": 0,
                            "size": "552 414",
                            "target": "drc",
                            "position": "0 33"
                        }
                    ],
                    "desc_string_id": "VCM_LAYOUT_9_EXPLANATION",
                    "background": [
                        {
                            "position": "0 0",
                            "rotation": 0,
                            "resource": "//content_dir/assets/textures/tvback.png",
                            "target": "tv",
                            "size": "1280 720"
                        },
                        {
                            "position": "0 0",
                            "rotation": 0,
                            "resource": "//content_dir/assets/textures/drcback.png",
                            "target": "drc",
                            "size": "854 480"
                        }
                    ],
                    "name_string_id": "VCM_LAYOUT_9_NAME"
                },
				{
                    "screen": [
                        {
                            "source": "upper",
                            "rotation": 0,
                            "size": "512 384",
                            "target": "tv",
                            "position": "0 72"
                        },
                        {
                            "source": "lower",
                            "rotation": 0,
                            "size": "768 576",
                            "target": "tv",
                            "position": "512 72"
                        },
                        {
                            "source": "upper",
                            "rotation": 0,
                            "size": "256 192",
                            "target": "drc",
                            "position": "36 48"
                        },
                        {
                            "source": "lower",
                            "rotation": 0,
                            "size": "512 384",
                            "target": "drc",
                            "position": "308 48"
                        }
                    ],
                    "desc_string_id": "VCM_LAYOUT_36_EXPLANATION",
                    "background": [
                        {
                            "position": "0 0",
                            "rotation": 0,
                            "resource": "//content_dir/assets/textures/tvback.png",
                            "target": "tv",
                            "size": "1280 720"
                        },
                        {
                            "position": "0 0",
                            "rotation": 0,
                            "resource": "//content_dir/assets/textures/drcback.png",
                            "target": "drc",
                            "size": "854 480"
                        }
                    ],
                    "name_string_id": "VCM_LAYOUT_36_NAME"
                },
				{
                    "screen": [
                        {
                            "source": "upper",
                            "rotation": 0,
                            "size": "512 384",
                            "target": "tv",
                            "position": "768 72"
                        },
                        {
                            "source": "lower",
                            "rotation": 0,
                            "size": "768 576",
                            "target": "tv",
                            "position": "0 72"
                        },
                        {
                            "source": "upper",
                            "rotation": 0,
                            "size": "256 192",
                            "target": "drc",
                            "position": "564 48"
                        },
                        {
                            "source": "lower",
                            "rotation": 0,
                            "size": "512 384",
                            "target": "drc",
                            "position": "36 48"
                        }
                    ],
                    "desc_string_id": "VCM_LAYOUT_37_EXPLANATION",
                    "background": [
                        {
                            "position": "0 0",
                            "rotation": 0,
                            "resource": "//content_dir/assets/textures/tvback.png",
                            "target": "tv",
                            "size": "1280 720"
                        },
                        {
                            "position": "0 0",
                            "rotation": 0,
                            "resource": "//content_dir/assets/textures/drcback.png",
                            "target": "drc",
                            "size": "854 480"
                        }
                    ],
                    "name_string_id": "VCM_LAYOUT_37_NAME"
                },
                {
                    "screen": [
                        {
                            "source": "upper",
                            "rotation": 0,
                            "size": "896 672",
                            "target": "tv",
                            "position": "0 24"
                        },
                        {
                            "source": "lower",
                            "rotation": 0,
                            "size": "384 288",
                            "target": "tv",
                            "position": "896 408"
                        },
                        {
                            "source": "upper",
                            "rotation": 0,
                            "size": "552 414",
                            "target": "drc",
                            "position": "0 33"
                        },
                        {
                            "source": "lower",
                            "rotation": 0,
                            "size": "300 225",
                            "target": "drc",
                            "position": "554 222"
                        }
                    ],
                    "desc_string_id": "VCM_LAYOUT_10_EXPLANATION",
                    "background": [
                        {
                            "position": "0 0",
                            "rotation": 0,
                            "resource": "//content_dir/assets/textures/tvback.png",
                            "target": "tv",
                            "size": "1280 720"
                        },
                        {
                            "position": "0 0",
                            "rotation": 0,
                            "resource": "//content_dir/assets/textures/drcback.png",
                            "target": "drc",
                            "size": "854 480"
                        }
                    ],
                    "name_string_id": "VCM_LAYOUT_10_NAME"
                },
				{
                    "screen": [
                        {
                            "source": "upper",
                            "rotation": 0,
                            "size": "896 672",
                            "target": "tv",
                            "position": "384 24"
                        },
                        {
                            "source": "lower",
                            "rotation": 0,
                            "size": "384 288",
                            "target": "tv",
                            "position": "0 408"
                        },
                        {
                            "source": "upper",
                            "rotation": 0,
                            "size": "552 414",
                            "target": "drc",
                            "position": "300 33"
                        },
                        {
                            "source": "lower",
                            "rotation": 0,
                            "size": "300 225",
                            "target": "drc",
                            "position": "0 222"
                        }
                    ],
                    "desc_string_id": "VCM_LAYOUT_11_EXPLANATION",
                    "background": [
                        {
                            "position": "0 0",
                            "rotation": 0,
                            "resource": "//content_dir/assets/textures/tvback.png",
                            "target": "tv",
                            "size": "1280 720"
                        },
                        {
                            "position": "0 0",
                            "rotation": 0,
                            "resource": "//content_dir/assets/textures/drcback.png",
                            "target": "drc",
                            "size": "854 480"
                        }
                    ],
                    "name_string_id": "VCM_LAYOUT_11_NAME"
                },
				
				
				{
                    "screen": [
                        {
                            "source": "upper",
                            "rotation": 0,
                            "size": "768 576",
                            "target": "tv",
                            "position": "0 72"
                        },
                        {
                            "source": "lower",
                            "rotation": 0,
                            "size": "512 384",
                            "target": "tv",
                            "position": "768 264"
                        },
                        {
                            "source": "upper",
                            "rotation": 0,
                            "size": "512 384",
                            "target": "drc",
                            "position": "36 48"
                        },
                        {
                            "source": "lower",
                            "rotation": 0,
                            "size": "256 192",
                            "target": "drc",
                            "position": "564 240"
                        }
                    ],
                    "desc_string_id": "VCM_LAYOUT_38_EXPLANATION",
                    "background": [
                        {
                            "position": "0 0",
                            "rotation": 0,
                            "resource": "//content_dir/assets/textures/tvback.png",
                            "target": "tv",
                            "size": "1280 720"
                        },
                        {
                            "position": "0 0",
                            "rotation": 0,
                            "resource": "//content_dir/assets/textures/drcback.png",
                            "target": "drc",
                            "size": "854 480"
                        }
                    ],
                    "name_string_id": "VCM_LAYOUT_38_NAME"
                },
				{
                    "screen": [
                        {
                            "source": "upper",
                            "rotation": 0,
                            "size": "768 576",
                            "target": "tv",
                            "position": "512 72"
                        },
                        {
                            "source": "lower",
                            "rotation": 0,
                            "size": "512 384",
                            "target": "tv",
                            "position": "0 264"
                        },
                        {
                            "source": "upper",
                            "rotation": 0,
                            "size": "512 384",
                            "target": "drc",
                            "position": "308 48"
                        },
                        {
                            "source": "lower",
                            "rotation": 0,
                            "size": "256 192",
                            "target": "drc",
                            "position": "36 240"
                        }
                    ],
                    "desc_string_id": "VCM_LAYOUT_39_EXPLANATION",
                    "background": [
                        {
                            "position": "0 0",
                            "rotation": 0,
                            "resource": "//content_dir/assets/textures/tvback.png",
                            "target": "tv",
                            "size": "1280 720"
                        },
                        {
                            "position": "0 0",
                            "rotation": 0,
                            "resource": "//content_dir/assets/textures/drcback.png",
                            "target": "drc",
                            "size": "854 480"
                        }
                    ],
                    "name_string_id": "VCM_LAYOUT_39_NAME"
                },
                {
                    "pad_rotation": 90,
                    "drc_rotation": 90,
					"screen": [
                        {
                            "source": "upper",
                            "rotation": 90,
                            "size": "540 720",
                            "target": "tv",
                            "position": "370 0"
                        },
                        {
                            "source": "lower",
                            "rotation": 0,
                            "size": "640 480",
                            "target": "drc",
                            "position": "107 0"
                        }
                    ],
                    "name_string_id": "VCM_LAYOUT_12_NAME",
                    "background": [
                        {
                            "position": "0 0",
                            "rotation": 0,
                            "resource": "//content_dir/assets/textures/tvback.png",
                            "target": "tv",
                            "size": "1280 720"
                        },
                        {
                            "position": "0 0",
                            "rotation": 0,
                            "resource": "//content_dir/assets/textures/drcback.png",
                            "target": "drc",
                            "size": "854 480"
                        }
                    ],
                    "desc_string_id": "VCM_LAYOUT_12_EXPLANATION"
                },
                {
                    "pad_rotation": 90,
                    "drc_rotation": 90,
					"screen": [
                        {
                            "source": "upper",
                            "rotation": 90,
                            "size": "540 720",
                            "target": "tv",
                            "position": "370 0"
                        },
                        {
                            "source": "lower",
                            "rotation": 0,
                            "size": "854 480",
                            "target": "drc",
                            "position": "0 0"
                        }
                    ],
                    "name_string_id": "VCM_LAYOUT_13_NAME",
                    "background": [
                        {
                            "position": "0 0",
                            "rotation": 0,
                            "resource": "//content_dir/assets/textures/tvback.png",
                            "target": "tv",
                            "size": "1280 720"
                        },
                        {
                            "position": "0 0",
                            "rotation": 0,
                            "resource": "//content_dir/assets/textures/drcback.png",
                            "target": "drc",
                            "size": "854 480"
                        }
                    ],
                    "buttons_rotation": 0,
                    "desc_string_id": "VCM_LAYOUT_13_EXPLANATION"
                },
				{
                    "pad_rotation": 90,
                    "drc_rotation": 90,
					"screen": [
                        {
                            "source": "upper",
                            "rotation": 90,
                            "size": "384 512",
                            "target": "tv",
                            "position": "448 104"
                        },
                        {
                            "source": "lower",
                            "rotation": 0,
                            "size": "512 384",
                            "target": "drc",
                            "position": "171 48"
                        }
                    ],
                    "name_string_id": "VCM_LAYOUT_40_NAME",
                    "background": [
                        {
                            "position": "0 0",
                            "rotation": 0,
                            "resource": "//content_dir/assets/textures/tvback.png",
                            "target": "tv",
                            "size": "1280 720"
                        },
                        {
                            "position": "0 0",
                            "rotation": 0,
                            "resource": "//content_dir/assets/textures/drcback.png",
                            "target": "drc",
                            "size": "854 480"
                        }
                    ],
                    "desc_string_id": "VCM_LAYOUT_40_EXPLANATION"
                },
                {
                    "pad_rotation": 270,
                    "drc_rotation": 270,
					"screen": [
                        {
                            "source": "upper",
                            "rotation": 90,
                            "size": "540 720",
                            "target": "tv",
                            "position": "370 0"
                        },
                        {
                            "source": "lower",
                            "rotation": 180,
                            "size": "640 480",
                            "target": "drc",
                            "position": "107 0"
                        }
                    ],
                    "name_string_id": "VCM_LAYOUT_14_NAME",
                    "background": [
                        {
                            "position": "0 0",
                            "rotation": 0,
                            "resource": "//content_dir/assets/textures/tvback.png",
                            "target": "tv",
                            "size": "1280 720"
                        },
                        {
                            "position": "0 0",
                            "rotation": 0,
                            "resource": "//content_dir/assets/textures/drcback.png",
                            "target": "drc",
                            "size": "854 480"
                        }
                    ],
                    "desc_string_id": "VCM_LAYOUT_14_EXPLANATION"
                },
				{
                    "pad_rotation": 270,
                    "drc_rotation": 270,
					"screen": [
                        {
                            "source": "upper",
                            "rotation": 90,
                            "size": "540 720",
                            "target": "tv",
                            "position": "370 0"
                        },
                        {
                            "source": "lower",
                            "rotation": 180,
                            "size": "854 480",
                            "target": "drc",
                            "position": "0 0"
                        }
                    ],
                    "name_string_id": "VCM_LAYOUT_15_NAME",
                    "background": [
                        {
                            "position": "0 0",
                            "rotation": 0,
                            "resource": "//content_dir/assets/textures/tvback.png",
                            "target": "tv",
                            "size": "1280 720"
                        },
                        {
                            "position": "0 0",
                            "rotation": 0,
                            "resource": "//content_dir/assets/textures/drcback.png",
                            "target": "drc",
                            "size": "854 480"
                        }
                    ],
                    "buttons_rotation": 0,
                    "desc_string_id": "VCM_LAYOUT_15_EXPLANATION"
                },
				{
                    "pad_rotation": 270,
                    "drc_rotation": 270,
					"screen": [
                        {
                            "source": "upper",
                            "rotation": 90,
                            "size": "384 512",
                            "target": "tv",
                            "position": "448 104"
                        },
                        {
                            "source": "lower",
                            "rotation": 180,
                            "size": "512 384",
                            "target": "drc",
                            "position": "171 48"
                        }
                    ],
                    "name_string_id": "VCM_LAYOUT_41_NAME",
                    "background": [
                        {
                            "position": "0 0",
                            "rotation": 0,
                            "resource": "//content_dir/assets/textures/tvback.png",
                            "target": "tv",
                            "size": "1280 720"
                        },
                        {
                            "position": "0 0",
                            "rotation": 0,
                            "resource": "//content_dir/assets/textures/drcback.png",
                            "target": "drc",
                            "size": "854 480"
                        }
                    ],
                    "desc_string_id": "VCM_LAYOUT_41_EXPLANATION"
                },
				{
                    "pad_rotation": 270,
                    "drc_rotation": 0,
                    "screen": [
                        {
                            "source": "upper",
                            "rotation": 90,
                            "size": "540 720",
                            "target": "tv",
                            "position": "64 0"
                        },
                        {
                            "source": "lower",
                            "rotation": 90,
                            "size": "540 720",
                            "target": "tv",
                            "position": "694 0"
                        },
                        {
                            "source": "upper",
                            "rotation": 90,
                            "size": "360 480",
                            "target": "drc",
                            "position": "28 0"
                        },
                        {
                            "source": "lower",
                            "rotation": 90,
                            "size": "360 480",
                            "target": "drc",
                            "position": "466 0"
                        }
                    ],
                    "name_string_id": "VCM_LAYOUT_16_NAME",
                    "background": [
                        {
                            "position": "0 0",
                            "rotation": 0,
                            "resource": "//content_dir/assets/textures/tvback.png",
                            "target": "tv",
                            "size": "1280 720"
                        },
                        {
                            "position": "0 0",
                            "rotation": 0,
                            "resource": "//content_dir/assets/textures/drcback.png",
                            "target": "drc",
                            "size": "854 480"
                        }
                    ],
                    "desc_string_id": "VCM_LAYOUT_16_EXPLANATION"
                },
				{
                    "pad_rotation": 270,
                    "drc_rotation": 0,
                    "screen": [
                        {
                            "source": "upper",
                            "rotation": 90,
                            "size": "540 720",
                            "target": "tv",
                            "position": "694 0"
                        },
                        {
                            "source": "lower",
                            "rotation": 90,
                            "size": "540 720",
                            "target": "tv",
                            "position": "64 0"
                        },
                        {
                            "source": "upper",
                            "rotation": 90,
                            "size": "360 480",
                            "target": "drc",
                            "position": "466 0"
                        },
                        {
                            "source": "lower",
                            "rotation": 90,
                            "size": "360 480",
                            "target": "drc",
                            "position": "28 0"
                        }
                    ],
                    "name_string_id": "VCM_LAYOUT_17_NAME",
                    "background": [
                        {
                            "position": "0 0",
                            "rotation": 0,
                            "resource": "//content_dir/assets/textures/tvback.png",
                            "target": "tv",
                            "size": "1280 720"
                        },
                        {
                            "position": "0 0",
                            "rotation": 0,
                            "resource": "//content_dir/assets/textures/drcback.png",
                            "target": "drc",
                            "size": "854 480"
                        }
                    ],
                    "desc_string_id": "VCM_LAYOUT_17_EXPLANATION"
                },
				{
                    "pad_rotation": 270,
                    "drc_rotation": 0,
                    "screen": [
                        {
                            "source": "upper",
                            "rotation": 90,
                            "size": "640 720",
                            "target": "tv",
                            "position": "0 0"
                        },
                        {
                            "source": "lower",
                            "rotation": 90,
                            "size": "640 720",
                            "target": "tv",
                            "position": "640 0"
                        },
                        {
                            "source": "upper",
                            "rotation": 90,
                            "size": "427 480",
                            "target": "drc",
                            "position": "0 0"
                        },
                        {
                            "source": "lower",
                            "rotation": 90,
                            "size": "427 480",
                            "target": "drc",
                            "position": "427 0"
                        }
                    ],
                    "name_string_id": "VCM_LAYOUT_18_NAME",
                    "background": [
                        {
                            "position": "0 0",
                            "rotation": 0,
                            "resource": "//content_dir/assets/textures/tvback.png",
                            "target": "tv",
                            "size": "1280 720"
                        },
                        {
                            "position": "0 0",
                            "rotation": 0,
                            "resource": "//content_dir/assets/textures/drcback.png",
                            "target": "drc",
                            "size": "854 480"
                        }
                    ],
                    "desc_string_id": "VCM_LAYOUT_18_EXPLANATION"
                },
				{
                    "pad_rotation": 270,
                    "drc_rotation": 0,
                    "screen": [
                        {
                            "source": "upper",
                            "rotation": 90,
                            "size": "640 720",
                            "target": "tv",
                            "position": "640 0"
                        },
                        {
                            "source": "lower",
                            "rotation": 90,
                            "size": "640 720",
                            "target": "tv",
                            "position": "0 0"
                        },
                        {
                            "source": "upper",
                            "rotation": 90,
                            "size": "427 480",
                            "target": "drc",
                            "position": "427 0"
                        },
                        {
                            "source": "lower",
                            "rotation": 90,
                            "size": "427 480",
                            "target": "drc",
                            "position": "0 0"
                        }
                    ],
                    "name_string_id": "VCM_LAYOUT_19_NAME",
                    "background": [
                        {
                            "position": "0 0",
                            "rotation": 0,
                            "resource": "//content_dir/assets/textures/tvback.png",
                            "target": "tv",
                            "size": "1280 720"
                        },
                        {
                            "position": "0 0",
                            "rotation": 0,
                            "resource": "//content_dir/assets/textures/drcback.png",
                            "target": "drc",
                            "size": "854 480"
                        }
                    ],
                    "desc_string_id": "VCM_LAYOUT_19_EXPLANATION"
                },
				
				
				{
                    "pad_rotation": 270,
                    "drc_rotation": 0,
                    "screen": [
                        {
                            "source": "upper",
                            "rotation": 90,
                            "size": "384 512",
                            "target": "tv",
                            "position": "165 104"
                        },
                        {
                            "source": "lower",
                            "rotation": 90,
                            "size": "384 512",
                            "target": "tv",
                            "position": "731 104"
                        },
                        {
                            "source": "upper",
                            "rotation": 90,
                            "size": "192 256",
                            "target": "drc",
                            "position": "203 112"
                        },
                        {
                            "source": "lower",
                            "rotation": 90,
                            "size": "192 256",
                            "target": "drc",
                            "position": "470 112"
                        }
                    ],
                    "name_string_id": "VCM_LAYOUT_42_NAME",
                    "background": [
                        {
                            "position": "0 0",
                            "rotation": 0,
                            "resource": "//content_dir/assets/textures/sidewayslitetv.png",
                            "target": "tv",
                            "size": "1280 720"
                        },
                        {
                            "position": "0 0",
                            "rotation": 0,
                            "resource": "//content_dir/assets/textures/sidewayslite.png",
                            "target": "drc",
                            "size": "854 480"
                        }
                    ],
                    "desc_string_id": "VCM_LAYOUT_42_EXPLANATION"
                },
				{
                    "pad_rotation": 270,
                    "drc_rotation": 0,
                    "screen": [
                        {
                            "source": "upper",
                            "rotation": 90,
                            "size": "384 512",
                            "target": "tv",
                            "position": "731 104"
                        },
                        {
                            "source": "lower",
                            "rotation": 90,
                            "size": "384 512",
                            "target": "tv",
                            "position": "165 104"
                        },
                        {
                            "source": "upper",
                            "rotation": 90,
                            "size": "192 256",
                            "target": "drc",
                            "position": "470 112"
                        },
                        {
                            "source": "lower",
                            "rotation": 90,
                            "size": "192 256",
                            "target": "drc",
                            "position": "203 112"
                        }
                    ],
                    "name_string_id": "VCM_LAYOUT_43_NAME",
                    "background": [
                        {
                            "position": "0 0",
                            "rotation": 0,
                            "resource": "//content_dir/assets/textures/sidewayslitetv.png",
                            "target": "tv",
                            "size": "1280 720"
                        },
                        {
                            "position": "0 0",
                            "rotation": 0,
                            "resource": "//content_dir/assets/textures/sidewayslite.png",
                            "target": "drc",
                            "size": "854 480"
                        }
                    ],
                    "desc_string_id": "VCM_LAYOUT_43_EXPLANATION"
                },	
				{
                    "screen": [
                        {
                            "source": "upper",
                            "rotation": 0,
                            "size": "640 480",
                            "target": "tv",
                            "position": "0 119"
                        },
                        {
                            "source": "lower",
                            "rotation": 0,
                            "size": "640 480",
                            "target": "tv",
                            "position": "640 119"
                        },
                        {
                            "source": "upper",
                            "rotation": 0,
                            "size": "427 322",
                            "target": "drc",
                            "position": "0 79"
                        },
                        {
                            "source": "lower",
                            "rotation": 0,
                            "size": "427 322",
                            "target": "drc",
                            "position": "427 79"
                        }
                    ],
                    "desc_string_id": "VCM_LAYOUT_20_EXPLANATION",
                    "background": [
                        {
                            "position": "0 0",
                            "rotation": 0,
                            "resource": "//content_dir/assets/textures/tvback.png",
                            "target": "tv",
                            "size": "1280 720"
                        },
                        {
                            "position": "0 0",
                            "rotation": 0,
                            "resource": "//content_dir/assets/textures/drcback.png",
                            "target": "drc",
                            "size": "854 480"
                        }
                    ],
                    "name_string_id": "VCM_LAYOUT_20_NAME"
                },
				{
                    "screen": [
                        {
                            "source": "upper",
                            "rotation": 0,
                            "size": "640 480",
                            "target": "tv",
                            "position": "640 119"
                        },
                        {
                            "source": "lower",
                            "rotation": 0,
                            "size": "640 480",
                            "target": "tv",
                            "position": "0 119"
                        },
                        {
                            "source": "upper",
                            "rotation": 0,
                            "size": "427 322",
                            "target": "drc",
                            "position": "427 79"
                        },
                        {
                            "source": "lower",
                            "rotation": 0,
                            "size": "427 322",
                            "target": "drc",
                            "position": "0 79"
                        }
                    ],
                    "desc_string_id": "VCM_LAYOUT_21_EXPLANATION",
                    "background": [
                        {
                            "position": "0 0",
                            "rotation": 0,
                            "resource": "//content_dir/assets/textures/tvback.png",
                            "target": "tv",
                            "size": "1280 720"
                        },
                        {
                            "position": "0 0",
                            "rotation": 0,
                            "resource": "//content_dir/assets/textures/drcback.png",
                            "target": "drc",
                            "size": "854 480"
                        }
                    ],
                    "name_string_id": "VCM_LAYOUT_21_NAME"
                },
				{
                    "screen": [
                        {
                            "source": "upper",
                            "rotation": 0,
                            "size": "640 720",
                            "target": "tv",
                            "position": "0 0"
                        },
                        {
                            "source": "lower",
                            "rotation": 0,
                            "size": "640 720",
                            "target": "tv",
                            "position": "640 0"
                        },
                        {
                            "source": "upper",
                            "rotation": 0,
                            "size": "427 480",
                            "target": "drc",
                            "position": "0 0"
                        },
                        {
                            "source": "lower",
                            "rotation": 0,
                            "size": "427 480",
                            "target": "drc",
                            "position": "427 0"
                        }
                    ],
                    "desc_string_id": "VCM_LAYOUT_22_EXPLANATION",
                    "background": [
                        {
                            "position": "0 0",
                            "rotation": 0,
                            "resource": "//content_dir/assets/textures/tvback.png",
                            "target": "tv",
                            "size": "1280 720"
                        },
                        {
                            "position": "0 0",
                            "rotation": 0,
                            "resource": "//content_dir/assets/textures/drcback.png",
                            "target": "drc",
                            "size": "854 480"
                        }
                    ],
                    "name_string_id": "VCM_LAYOUT_22_NAME"
                },
				{
                    "screen": [
                        {
                            "source": "upper",
                            "rotation": 0,
                            "size": "640 720",
                            "target": "tv",
                            "position": "640 0"
                        },
                        {
                            "source": "lower",
                            "rotation": 0,
                            "size": "640 720",
                            "target": "tv",
                            "position": "0 0"
                        },
                        {
                            "source": "upper",
                            "rotation": 0,
                            "size": "427 480",
                            "target": "drc",
                            "position": "427 0"
                        },
                        {
                            "source": "lower",
                            "rotation": 0,
                            "size": "427 480",
                            "target": "drc",
                            "position": "0 0"
                        }
                    ],
                    "desc_string_id": "VCM_LAYOUT_23_EXPLANATION",
                    "background": [
                        {
                            "position": "0 0",
                            "rotation": 0,
                            "resource": "//content_dir/assets/textures/tvback.png",
                            "target": "tv",
                            "size": "1280 720"
                        },
                        {
                            "position": "0 0",
                            "rotation": 0,
                            "resource": "//content_dir/assets/textures/drcback.png",
                            "target": "drc",
                            "size": "854 480"
                        }
                    ],
                    "name_string_id": "VCM_LAYOUT_23_NAME"
                },
				
				
				
				{
                    "screen": [
                        {
                            "source": "upper",
                            "rotation": 0,
                            "size": "512 384",
                            "target": "tv",
                            "position": "101 168"
                        },
                        {
                            "source": "lower",
                            "rotation": 0,
                            "size": "512 384",
                            "target": "tv",
                            "position": "667 168"
                        },
                        {
                            "source": "upper",
                            "rotation": 0,
                            "size": "256 192",
                            "target": "drc",
                            "position": "131 144"
                        },
                        {
                            "source": "lower",
                            "rotation": 0,
                            "size": "256 192",
                            "target": "drc",
                            "position": "478 144"
                        }
                    ],
                    "desc_string_id": "VCM_LAYOUT_44_EXPLANATION",
                    "background": [
                        {
                            "position": "0 0",
                            "rotation": 0,
                            "resource": "//content_dir/assets/textures/tvback.png",
                            "target": "tv",
                            "size": "1280 720"
                        },
                        {
                            "position": "0 0",
                            "rotation": 0,
                            "resource": "//content_dir/assets/textures/drcback.png",
                            "target": "drc",
                            "size": "854 480"
                        }
                    ],
                    "name_string_id": "VCM_LAYOUT_44_NAME"
                },
				{
                    "screen": [
                        {
                            "source": "upper",
                            "rotation": 0,
                            "size": "512 384",
                            "target": "tv",
                            "position": "667 168"
                        },
                        {
                            "source": "lower",
                            "rotation": 0,
                            "size": "512 384",
                            "target": "tv",
                            "position": "101 168"
                        },
                        {
                            "source": "upper",
                            "rotation": 0,
                            "size": "256 192",
                            "target": "drc",
                            "position": "478 144"
                        },
                        {
                            "source": "lower",
                            "rotation": 0,
                            "size": "256 192",
                            "target": "drc",
                            "position": "131 144"
                        }
                    ],
                    "desc_string_id": "VCM_LAYOUT_45_EXPLANATION",
                    "background": [
                        {
                            "position": "0 0",
                            "rotation": 0,
                            "resource": "//content_dir/assets/textures/tvback.png",
                            "target": "tv",
                            "size": "1280 720"
                        },
                        {
                            "position": "0 0",
                            "rotation": 0,
                            "resource": "//content_dir/assets/textures/drcback.png",
                            "target": "drc",
                            "size": "854 480"
                        }
                    ],
                    "name_string_id": "VCM_LAYOUT_45_NAME"
                },
				{
                    "pad_rotation": 90,
                    "drc_rotation": 90,
                    "screen": [
                        {
                            "source": "upper",
                            "rotation": 0,
                            "size": "400 300",
                            "target": "tv",
                            "position": "440 12"
                        },
                        {
                            "source": "lower",
                            "rotation": 0,
                            "size": "400 300",
                            "target": "tv",
                            "position": "440 420"
                        },
                        {
                            "source": "upper",
                            "rotation": 270,
                            "size": "360 480",
                            "target": "drc",
                            "position": "466 0"
                        },
                        {
                            "source": "lower",
                            "rotation": 270,
                            "size": "360 480",
                            "target": "drc",
                            "position": "28 0"
                        }
                    ],
                    "name_string_id": "VCM_LAYOUT_24_NAME",
                    "background": [
                        {
                            "position": "0 0",
                            "rotation": 0,
                            "resource": "//content_dir/assets/textures/nds1st_31p_tv.png",
                            "target": "tv",
                            "size": "1280 720"
                        },
                        {
                            "position": "0 0",
                            "rotation": 0,
                            "resource": "//content_dir/assets/textures/drcback.png",
                            "target": "drc",
                            "size": "854 480"
                        }
                    ],
                    "desc_string_id": "VCM_LAYOUT_24_EXPLANATION"
                },
				{
                    "pad_rotation": 270,
                    "drc_rotation": 270,
                    "screen": [
                        {
                            "source": "upper",
                            "rotation": 0,
                            "size": "400 300",
                            "target": "tv",
                            "position": "440 12"
                        },
                        {
                            "source": "lower",
                            "rotation": 0,
                            "size": "400 300",
                            "target": "tv",
                            "position": "440 420"
                        },
                        {
                            "source": "upper",
                            "rotation": 90,
                            "size": "360 480",
                            "target": "drc",
                            "position": "28 0"
                        },
                        {
                            "source": "lower",
                            "rotation": 90,
                            "size": "360 480",
                            "target": "drc",
                            "position": "466 0"
                        }
                    ],
                    "name_string_id": "VCM_LAYOUT_25_NAME",
                    "background": [
                        {
                            "position": "0 0",
                            "rotation": 0,
                            "resource": "//content_dir/assets/textures/nds1st_31p_tv.png",
                            "target": "tv",
                            "size": "1280 720"
                        },
                        {
                            "position": "0 0",
                            "rotation": 0,
                            "resource": "//content_dir/assets/textures/drcback.png",
                            "target": "drc",
                            "size": "854 480"
                        }
                    ],
                    "desc_string_id": "VCM_LAYOUT_25_EXPLANATION"
                },
				{
                    "pad_rotation": 90,
                    "drc_rotation": 90,
                    "screen": [
                        {
                            "source": "upper",
                            "rotation": 0,
                            "size": "480 360",
                            "target": "tv",
                            "position": "400 0"
                        },
                        {
                            "source": "lower",
                            "rotation": 0,
                            "size": "480 360",
                            "target": "tv",
                            "position": "400 360"
                        },
                        {
                            "source": "upper",
                            "rotation": 270,
                            "size": "427 480",
                            "target": "drc",
                            "position": "427 0"
                        },
                        {
                            "source": "lower",
                            "rotation": 270,
                            "size": "427 480",
                            "target": "drc",
                            "position": "0 0"
                        }
                    ],
                    "name_string_id": "VCM_LAYOUT_26_NAME",
                    "background": [
                        {
                            "position": "0 0",
                            "rotation": 0,
                            "resource": "//content_dir/assets/textures/tvback.png",
                            "target": "tv",
                            "size": "1280 720"
                        },
                        {
                            "position": "0 0",
                            "rotation": 0,
                            "resource": "//content_dir/assets/textures/drcback.png",
                            "target": "drc",
                            "size": "854 480"
                        }
                    ],
                    "desc_string_id": "VCM_LAYOUT_26_EXPLANATION"
                },
				{
                    "pad_rotation": 270,
                    "drc_rotation": 270,
                    "screen": [
                        {
                            "source": "upper",
                            "rotation": 0,
                            "size": "480 360",
                            "target": "tv",
                            "position": "400 0"
                        },
                        {
                            "source": "lower",
                            "rotation": 0,
                            "size": "480 360",
                            "target": "tv",
                            "position": "400 360"
                        },
                        {
                            "source": "upper",
                            "rotation": 90,
                            "size": "427 480",
                            "target": "drc",
                            "position": "0 0"
                        },
                        {
                            "source": "lower",
                            "rotation": 90,
                            "size": "427 480",
                            "target": "drc",
                            "position": "427 0"
                        }
                    ],
                    "name_string_id": "VCM_LAYOUT_27_NAME",
                    "background": [
                        {
                            "position": "0 0",
                            "rotation": 0,
                            "resource": "//content_dir/assets/textures/tvback.png",
                            "target": "tv",
                            "size": "1280 720"
                        },
                        {
                            "position": "0 0",
                            "rotation": 0,
                            "resource": "//content_dir/assets/textures/drcback.png",
                            "target": "drc",
                            "size": "854 480"
                        }
                    ],
                    "desc_string_id": "VCM_LAYOUT_27_EXPLANATION"
                },
				
				
				{
                    "pad_rotation": 90,
                    "drc_rotation": 90,
                    "screen": [
                        {
                            "source": "upper",
                            "rotation": 0,
                            "size": "256 192",
                            "target": "tv",
                            "position": "512 122"
                        },
                        {
                            "source": "lower",
                            "rotation": 0,
                            "size": "256 192",
                            "target": "tv",
                            "position": "512 414"
                        },
                        {
                            "source": "upper",
                            "rotation": 270,
                            "size": "192 256",
                            "target": "drc",
                            "position": "460 112"
                        },
                        {
                            "source": "lower",
                            "rotation": 270,
                            "size": "192 256",
                            "target": "drc",
                            "position": "192 112"
                        }
                    ],
                    "name_string_id": "VCM_LAYOUT_46_NAME",
                    "background": [
                        {
                            "position": "0 0",
                            "rotation": 0,
                            "resource": "//content_dir/assets/textures/ndslite.png",
                            "target": "tv",
                            "size": "1280 720"
                        },
                        {
                            "position": "0 0",
                            "rotation": 180,
                            "resource": "//content_dir/assets/textures/sidewayslite.png",
                            "target": "drc",
                            "size": "854 480"
                        }
                    ],
                    "desc_string_id": "VCM_LAYOUT_46_EXPLANATION"
                },
				{
                    "pad_rotation": 270,
                    "drc_rotation": 270,
                    "screen": [
                        {
                            "source": "upper",
                            "rotation": 0,
                            "size": "256 192",
                            "target": "tv",
                            "position": "512 122"
                        },
                        {
                            "source": "lower",
                            "rotation": 0,
                            "size": "256 192",
                            "target": "tv",
                            "position": "512 414"
                        },
                        {
                            "source": "upper",
                            "rotation": 90,
                            "size": "192 256",
                            "target": "drc",
                            "position": "204 112"
                        },
                        {
                            "source": "lower",
                            "rotation": 90,
                            "size": "192 256",
                            "target": "drc",
                            "position": "471 112"
                        }
                    ],
                    "name_string_id": "VCM_LAYOUT_47_NAME",
                    "background": [
                        {
                            "position": "0 0",
                            "rotation": 0,
                            "resource": "//content_dir/assets/textures/ndslite.png",
                            "target": "tv",
                            "size": "1280 720"
                        },
                        {
                            "position": "0 0",
                            "rotation": 0,
                            "resource": "//content_dir/assets/textures/sidewayslite.png",
                            "target": "drc",
                            "size": "854 480"
                        }
                    ],
                    "desc_string_id": "VCM_LAYOUT_47_EXPLANATION"
                }
            ],
            "groups": [
                3,
                4,
                2,
				3,
				3,
                4,
				4,
                6,
                6,
				6,
				6
            ]
        },
        "3DRendering": {
            "Bilinear": 0,
            "RenderScale": 1
        },
        "Display": {
            "PixelArtUpscaler": 0,
            "Brightness": 80
        },
        "arguments": {
            "fold_on_pause": false,
            "fold_on_resume_fade_from_black_duration": 1000,
            "fold_on_pause_timeout": 3000
        }
    }
}